SEASON,AGE,TEAM,LEAGUE,POS,G,MP,FG,LGFG,2P,LG2P,3P,LG3P,eFG%,LGeFG%,FT,LGFT,TS,LGTS,FTr,LGFTr,3PAr,LG3PAr,FG+,2P+,3P+,eFG+,FT+,TS+,FTr+,3PAr+,FG Add,TS Add,PLAYER
2004-05,22.0,DET,NBA,SG,30.0,459.0,0.359,0.447,0.402,0.47,0.257,0.35600000000000004,0.397,0.48200000000000004,0.575,0.7559999999999999,0.431,0.529,0.342,0.324,0.299,0.196,80.0,86.0,72.0,82.0,76.0,81.0,105.0,153.0,-19.9,-26.5,Carlos Delfino
2005-06,23.0,DET,NBA,SG,68.0,726.0,0.40299999999999997,0.45399999999999996,0.428,0.478,0.33299999999999996,0.358,0.447,0.49,0.672,0.745,0.483,0.536,0.29600000000000004,0.33299999999999996,0.265,0.20199999999999999,89.0,89.0,93.0,91.0,90.0,90.0,89.0,131.0,-19.5,-26.7,Carlos Delfino
2006-07,24.0,DET,NBA,SG,82.0,1372.0,0.415,0.45799999999999996,0.462,0.485,0.33299999999999996,0.358,0.47600000000000003,0.496,0.787,0.752,0.515,0.541,0.237,0.327,0.36700000000000005,0.213,91.0,95.0,93.0,96.0,105.0,95.0,72.0,173.0,-15.3,-21.6,Carlos Delfino
2007-08,25.0,TOR,NBA,SG,82.0,1928.0,0.397,0.457,0.41200000000000003,0.484,0.382,0.36200000000000004,0.49200000000000005,0.49700000000000005,0.7440000000000001,0.755,0.527,0.54,0.247,0.306,0.49700000000000005,0.222,87.0,85.0,106.0,99.0,98.0,97.0,81.0,224.0,-6.7,-19.0,Carlos Delfino
2009-10,27.0,MIL,NBA,SF,75.0,2279.0,0.408,0.461,0.45,0.49200000000000005,0.36700000000000005,0.355,0.5,0.501,0.782,0.759,0.526,0.5429999999999999,0.163,0.3,0.499,0.222,89.0,91.0,104.0,100.0,103.0,97.0,54.0,225.0,-1.1,-26.7,Carlos Delfino
2010-11,28.0,MIL,NBA,SF,49.0,1590.0,0.39,0.45899999999999996,0.415,0.48700000000000004,0.37,0.358,0.49200000000000005,0.498,0.8,0.763,0.517,0.541,0.146,0.3,0.5539999999999999,0.222,85.0,85.0,103.0,99.0,105.0,96.0,49.0,250.0,-6.3,-26.2,Carlos Delfino
2011-12,29.0,MIL,NBA,SF,54.0,1537.0,0.402,0.44799999999999995,0.449,0.47700000000000004,0.36,0.349,0.49700000000000005,0.48700000000000004,0.792,0.752,0.515,0.527,0.106,0.276,0.528,0.226,90.0,94.0,103.0,102.0,105.0,98.0,38.0,234.0,8.5,-11.8,Carlos Delfino
2012-13,30.0,HOU,NBA,SF,67.0,1689.0,0.405,0.45299999999999996,0.467,0.483,0.375,0.359,0.532,0.496,0.857,0.753,0.5489999999999999,0.535,0.09,0.27,0.679,0.243,89.0,97.0,105.0,107.0,114.0,103.0,33.0,279.0,44.4,18.7,Carlos Delfino
2004-05,30.0,DET,NBA,PG,15.0,104.0,0.33299999999999996,0.447,0.41700000000000004,0.47,0.0,0.35600000000000004,0.33299999999999996,0.48200000000000004,0.9229999999999999,0.7559999999999999,0.414,0.529,0.289,0.324,0.2,0.196,74.0,89.0,0.0,69.0,122.0,78.0,89.0,102.0,-13.4,-11.7,Horace Jenkins
