SEASON,AGE,TEAM,LEAGUE,POS,G,MP,FG,LGFG,2P,LG2P,3P,LG3P,eFG%,LGeFG%,FT,LGFT,TS,LGTS,FTr,LGFTr,3PAr,LG3PAr,FG+,2P+,3P+,eFG+,FT+,TS+,FTr+,3PAr+,FG Add,TS Add,PLAYER
2003-04,21.0,NJN,NBA,SG,49,473,0.41100000000000003,0.439,0.45399999999999996,0.46,0.281,0.34700000000000003,0.446,0.47100000000000003,0.633,0.752,0.49200000000000005,0.516,0.465,0.303,0.248,0.187,94,99,81,95,84,95,153,133,-6.5,-7.4,Zoran Planinić
2004-05,22.0,NJN,NBA,PG,43,515,0.44799999999999995,0.447,0.47,0.47,0.375,0.35600000000000004,0.491,0.48200000000000004,0.6970000000000001,0.7559999999999999,0.534,0.529,0.379,0.324,0.23,0.196,100,100,105,102,92,101,117,117,3.1,2.0,Zoran Planinić
2005-06,23.0,NJN,NBA,PG,56,596,0.361,0.45399999999999996,0.41700000000000004,0.478,0.23199999999999998,0.358,0.396,0.49,0.6970000000000001,0.745,0.45,0.536,0.361,0.33299999999999996,0.306,0.20199999999999999,79,87,65,81,94,84,108,151,-34.3,-36.1,Zoran Planinić
