SEASON,AGE,TEAM,LEAGUE,POS,G,MP,FG,LGFG,2P,LG2P,3P,LG3P,eFG%,LGeFG%,FT,LGFT,TS,LGTS,FTr,LGFTr,3PAr,LG3PAr,FG+,2P+,3P+,eFG+,FT+,TS+,FTr+,3PAr+,FG Add,TS Add,PLAYER
2003-04,20.0,MIL,NBA,PG,55.0,1472.0,0.384,0.439,0.39299999999999996,0.46,0.23800000000000002,0.34700000000000003,0.391,0.47100000000000003,0.816,0.752,0.44299999999999995,0.516,0.24600000000000002,0.303,0.053,0.187,88.0,85.0,69.0,83.0,109.0,86.0,81.0,28.0,-64.0,-64.4,T.J. Ford
2005-06,22.0,MIL,NBA,PG,72.0,2557.0,0.41600000000000004,0.45399999999999996,0.428,0.478,0.337,0.358,0.43799999999999994,0.49,0.754,0.745,0.489,0.536,0.314,0.33299999999999996,0.132,0.20199999999999999,92.0,89.0,94.0,89.0,101.0,91.0,94.0,65.0,-82.2,-84.0,T.J. Ford
2006-07,23.0,TOR,NBA,PG,75.0,2243.0,0.436,0.45799999999999996,0.447,0.485,0.304,0.358,0.447,0.496,0.8190000000000001,0.752,0.508,0.541,0.325,0.327,0.076,0.213,95.0,92.0,85.0,90.0,109.0,94.0,99.0,36.0,-88.4,-69.4,T.J. Ford
2007-08,24.0,TOR,NBA,PG,51.0,1199.0,0.469,0.457,0.488,0.484,0.294,0.36200000000000004,0.484,0.49700000000000005,0.88,0.755,0.5329999999999999,0.54,0.239,0.306,0.09699999999999999,0.222,103.0,101.0,81.0,97.0,117.0,99.0,78.0,44.0,-14.3,-8.6,T.J. Ford
2008-09,25.0,IND,NBA,PG,74.0,2258.0,0.452,0.45899999999999996,0.467,0.485,0.337,0.36700000000000005,0.47200000000000003,0.5,0.872,0.7709999999999999,0.5329999999999999,0.544,0.308,0.306,0.114,0.22399999999999998,99.0,96.0,92.0,94.0,113.0,98.0,101.0,51.0,-51.6,-22.7,T.J. Ford
2009-10,26.0,IND,NBA,PG,47.0,1189.0,0.445,0.461,0.484,0.49200000000000005,0.16,0.355,0.455,0.501,0.77,0.759,0.507,0.5429999999999999,0.32299999999999995,0.3,0.12,0.222,96.0,98.0,45.0,91.0,102.0,93.0,108.0,54.0,-38.6,-34.4,T.J. Ford
2010-11,27.0,IND,NBA,PG,41.0,773.0,0.386,0.45899999999999996,0.41700000000000004,0.48700000000000004,0.188,0.358,0.39799999999999996,0.498,0.7290000000000001,0.763,0.434,0.541,0.203,0.3,0.136,0.222,84.0,86.0,52.0,80.0,96.0,80.0,68.0,61.0,-47.2,-55.4,T.J. Ford
2011-12,28.0,SAS,NBA,PG,14.0,191.0,0.442,0.44799999999999995,0.486,0.47700000000000004,0.25,0.349,0.465,0.48700000000000004,0.7859999999999999,0.752,0.519,0.527,0.326,0.276,0.18600000000000003,0.226,99.0,102.0,72.0,95.0,104.0,98.0,118.0,82.0,-1.9,-0.8,T.J. Ford
