SEASON,AGE,TEAM,LEAGUE,POS,G,MP,FG,LGFG,2P,LG2P,3P,LG3P,eFG%,LGeFG%,FT,LGFT,TS,LGTS,FTr,LGFTr,3PAr,LG3PAr,FG+,2P+,3P+,eFG+,FT+,TS+,FTr+,3PAr+,FG Add,TS Add,PLAYER
2003-04,19.0,MIN,NBA,SF,17.0,32.0,0.429,0.439,0.429,0.46,0.0,0.34700000000000003,0.429,0.47100000000000003,0.25,0.752,0.41200000000000003,0.516,0.28600000000000003,0.303,0.0,0.187,98.0,93.0,0.0,91.0,33.0,80.0,94.0,0.0,-1.2,-3.3,Ndudi Ebi
2004-05,20.0,MIN,NBA,SG,2.0,54.0,0.524,0.447,0.55,0.47,0.0,0.35600000000000004,0.524,0.48200000000000004,0.556,0.7559999999999999,0.541,0.529,0.429,0.324,0.048,0.196,117.0,117.0,0.0,109.0,73.0,102.0,132.0,24.0,1.7,0.6,Ndudi Ebi
2003-04,24.0,MIN,NBA,PG,33.0,391.0,0.32899999999999996,0.439,0.361,0.46,0.1,0.34700000000000003,0.335,0.47100000000000003,0.767,0.752,0.436,0.516,0.524,0.303,0.122,0.187,75.0,79.0,29.0,71.0,102.0,84.0,173.0,65.0,-22.3,-16.2,Keith McLeod
2004-05,25.0,UTA,NBA,PG,53.0,1382.0,0.35,0.447,0.37200000000000005,0.47,0.25,0.35600000000000004,0.373,0.48200000000000004,0.767,0.7559999999999999,0.44,0.529,0.358,0.324,0.17600000000000002,0.196,78.0,79.0,70.0,77.0,101.0,83.0,110.0,90.0,-89.6,-84.0,Keith McLeod
2005-06,26.0,UTA,NBA,PG,66.0,1232.0,0.353,0.45399999999999996,0.37200000000000005,0.478,0.293,0.358,0.38799999999999996,0.49,0.797,0.745,0.46399999999999997,0.536,0.391,0.33299999999999996,0.24100000000000002,0.20199999999999999,78.0,78.0,82.0,79.0,107.0,87.0,117.0,119.0,-69.2,-56.9,Keith McLeod
2006-07,27.0,TOT,NBA,PG,48.0,718.0,0.38799999999999996,0.45799999999999996,0.39899999999999997,0.485,0.35600000000000004,0.358,0.431,0.496,0.885,0.752,0.52,0.541,0.415,0.327,0.239,0.213,85.0,82.0,99.0,87.0,118.0,96.0,127.0,113.0,-24.6,-9.8,Keith McLeod
2006-07,27.0,GSW,NBA,PG,26.0,379.0,0.39,0.45799999999999996,0.39,0.485,0.391,0.358,0.433,0.496,0.887,0.752,0.5379999999999999,0.541,0.505,0.327,0.21899999999999997,0.213,85.0,80.0,109.0,87.0,118.0,99.0,154.0,103.0,-13.2,-1.0,Keith McLeod
2006-07,27.0,IND,NBA,PG,22.0,339.0,0.386,0.45799999999999996,0.41,0.485,0.318,0.358,0.428,0.496,0.88,0.752,0.495,0.541,0.301,0.327,0.265,0.213,84.0,84.0,89.0,86.0,117.0,91.0,92.0,125.0,-11.4,-8.8,Keith McLeod
