SEASON,AGE,TEAM,LEAGUE,POS,G,MP,FG,LGFG,2P,LG2P,3P,LG3P,eFG%,LGeFG%,FT,LGFT,TS,LGTS,FTr,LGFTr,3PAr,LG3PAr,FG+,2P+,3P+,eFG+,FT+,TS+,FTr+,3PAr+,FG Add,TS Add,PLAYER
2005-06,21.0,MIN,NBA,SG,79.0,1362.0,0.45,0.45399999999999996,0.49,0.478,0.37200000000000005,0.358,0.513,0.49,0.736,0.745,0.539,0.536,0.198,0.33299999999999996,0.336,0.20199999999999999,99.0,103.0,104.0,105.0,99.0,101.0,60.0,166.0,24.7,4.0,Rashad McCants
2006-07,22.0,MIN,NBA,SG,37.0,554.0,0.35,0.45799999999999996,0.41200000000000003,0.485,0.267,0.358,0.40700000000000003,0.496,0.69,0.752,0.45399999999999996,0.541,0.32799999999999996,0.327,0.424,0.213,76.0,85.0,74.0,82.0,92.0,84.0,100.0,199.0,-31.7,-35.3,Rashad McCants
2007-08,23.0,MIN,NBA,SG,75.0,2020.0,0.45299999999999996,0.457,0.48100000000000004,0.484,0.40700000000000003,0.36200000000000004,0.529,0.49700000000000005,0.748,0.755,0.55,0.54,0.16399999999999998,0.306,0.37,0.222,99.0,99.0,112.0,106.0,99.0,102.0,54.0,166.0,58.9,20.3,Rashad McCants
2008-09,24.0,TOT,NBA,SG,58.0,1101.0,0.39299999999999996,0.45899999999999996,0.431,0.485,0.33299999999999996,0.36700000000000005,0.45799999999999996,0.5,0.759,0.7709999999999999,0.504,0.544,0.289,0.306,0.387,0.22399999999999998,86.0,89.0,91.0,92.0,98.0,93.0,95.0,173.0,-40.8,-44.9,Rashad McCants
2008-09,24.0,MIN,NBA,SG,34.0,636.0,0.36,0.45899999999999996,0.387,0.485,0.319,0.36700000000000005,0.425,0.5,0.741,0.7709999999999999,0.47,0.544,0.27699999999999997,0.306,0.408,0.22399999999999998,78.0,80.0,87.0,85.0,96.0,86.0,91.0,182.0,-43.9,-48.7,Rashad McCants
2008-09,24.0,SAC,NBA,SG,24.0,465.0,0.444,0.45899999999999996,0.49200000000000005,0.485,0.35700000000000004,0.36700000000000005,0.508,0.5,0.7829999999999999,0.7709999999999999,0.5529999999999999,0.544,0.306,0.306,0.35700000000000004,0.22399999999999998,97.0,101.0,97.0,102.0,102.0,102.0,100.0,159.0,3.1,3.9,Rashad McCants
2005-06,21.0,MIN,NBA,SG,7.0,135.0,0.41200000000000003,0.45399999999999996,0.441,0.478,0.353,0.358,0.47100000000000003,0.49,0.875,0.745,0.534,0.536,0.314,0.33299999999999996,0.33299999999999996,0.20199999999999999,91.0,92.0,99.0,96.0,117.0,100.0,94.0,165.0,-2.0,-0.2,Bracey Wright
2006-07,22.0,MIN,NBA,SG,19.0,190.0,0.4,0.45799999999999996,0.45,0.485,0.3,0.358,0.45,0.496,0.722,0.752,0.493,0.541,0.3,0.327,0.33299999999999996,0.213,87.0,93.0,84.0,91.0,96.0,91.0,92.0,157.0,-5.6,-6.6,Bracey Wright
