SEASON,AGE,TEAM,LEAGUE,POS,G,MP,FG,LGFG,2P,LG2P,3P,LG3P,eFG%,LGeFG%,FT,LGFT,TS,LGTS,FTr,LGFTr,3PAr,LG3PAr,FG+,2P+,3P+,eFG+,FT+,TS+,FTr+,3PAr+,FG Add,TS Add,PLAYER
2003-04,21.0,NYK,NBA,PF,42.0,494.0,0.493,0.439,0.496,0.46,0.0,0.34700000000000003,0.493,0.47100000000000003,0.7240000000000001,0.752,0.544,0.516,0.414,0.303,0.006999999999999999,0.187,112.0,108.0,0.0,105.0,96.0,105.0,137.0,4.0,6.1,9.1,Mike Sweetney
2004-05,22.0,NYK,NBA,C,77.0,1509.0,0.531,0.447,0.5329999999999999,0.47,0.0,0.35600000000000004,0.531,0.48200000000000004,0.7490000000000001,0.7559999999999999,0.5920000000000001,0.529,0.527,0.324,0.002,0.196,119.0,113.0,0.0,110.0,99.0,112.0,162.0,1.0,43.8,68.3,Mike Sweetney
2005-06,23.0,CHI,NBA,C,66.0,1222.0,0.45,0.45399999999999996,0.45,0.478,0.0,0.358,0.45,0.49,0.652,0.745,0.499,0.536,0.45899999999999996,0.33299999999999996,0.0,0.20199999999999999,99.0,94.0,0.0,92.0,87.0,93.0,138.0,0.0,-35.1,-38.8,Mike Sweetney
2006-07,24.0,CHI,NBA,C,48.0,385.0,0.433,0.45799999999999996,0.433,0.485,0.0,0.358,0.433,0.496,0.561,0.752,0.469,0.541,0.493,0.327,0.0,0.213,94.0,89.0,0.0,87.0,75.0,87.0,151.0,0.0,-17.0,-23.6,Mike Sweetney
