SEASON,AGE,TEAM,LEAGUE,POS,G,MP,FG,LGFG,2P,LG2P,3P,LG3P,eFG%,LGeFG%,FT,LGFT,TS,LGTS,FTr,LGFTr,3PAr,LG3PAr,FG+,2P+,3P+,eFG+,FT+,TS+,FTr+,3PAr+,FG Add,TS Add,PLAYER
2003-04,25.0,SAC,NBA,PF,73.0,976.0,0.48700000000000004,0.439,0.48700000000000004,0.46,0.0,0.34700000000000003,0.48700000000000004,0.47100000000000003,0.807,0.752,0.541,0.516,0.322,0.303,0.0,0.187,111.0,106.0,0.0,103.0,107.0,105.0,106.0,0.0,8.8,15.2,Darius Songaila
2004-05,26.0,SAC,NBA,PF,81.0,1668.0,0.527,0.447,0.53,0.47,0.0,0.35600000000000004,0.527,0.48200000000000004,0.847,0.7559999999999999,0.5660000000000001,0.529,0.22699999999999998,0.324,0.006,0.196,118.0,113.0,0.0,109.0,112.0,107.0,70.0,3.0,43.2,39.6,Darius Songaila
2005-06,27.0,CHI,NBA,PF,62.0,1329.0,0.48100000000000004,0.45399999999999996,0.48100000000000004,0.478,0.4,0.358,0.483,0.49,0.8170000000000001,0.745,0.524,0.536,0.23399999999999999,0.33299999999999996,0.01,0.20199999999999999,106.0,101.0,112.0,99.0,110.0,98.0,70.0,5.0,-7.2,-12.2,Darius Songaila
2006-07,28.0,WAS,NBA,PF,37.0,700.0,0.524,0.45799999999999996,0.529,0.485,0.0,0.358,0.524,0.496,0.852,0.752,0.5670000000000001,0.541,0.24,0.327,0.009000000000000001,0.213,114.0,109.0,0.0,106.0,113.0,105.0,73.0,4.0,12.6,12.6,Darius Songaila
2007-08,29.0,WAS,NBA,C,80.0,1554.0,0.45799999999999996,0.457,0.46,0.484,0.0,0.36200000000000004,0.45799999999999996,0.49700000000000005,0.9179999999999999,0.755,0.496,0.54,0.156,0.306,0.004,0.222,100.0,95.0,0.0,92.0,122.0,92.0,51.0,2.0,-36.6,-44.3,Darius Songaila
2008-09,30.0,WAS,NBA,C,77.0,1521.0,0.532,0.45899999999999996,0.5329999999999999,0.485,0.0,0.36700000000000005,0.532,0.5,0.889,0.7709999999999999,0.57,0.544,0.19699999999999998,0.306,0.002,0.22399999999999998,116.0,110.0,0.0,106.0,115.0,105.0,64.0,1.0,29.2,25.3,Darius Songaila
2009-10,31.0,NOH,NBA,C,75.0,1410.0,0.494,0.461,0.498,0.49200000000000005,0.16699999999999998,0.355,0.495,0.501,0.8109999999999999,0.759,0.522,0.5429999999999999,0.152,0.3,0.012,0.222,107.0,101.0,47.0,99.0,107.0,96.0,50.0,6.0,-5.7,-22.3,Darius Songaila
2010-11,32.0,PHI,NBA,C,10.0,71.0,0.467,0.45899999999999996,0.467,0.48700000000000004,0.0,0.358,0.467,0.498,0.5,0.763,0.47700000000000004,0.541,0.267,0.3,0.0,0.222,102.0,96.0,0.0,94.0,65.0,88.0,89.0,0.0,-1.0,-2.1,Darius Songaila
