SEASON,AGE,TEAM,LEAGUE,POS,G,MP,FG,LGFG,2P,LG2P,3P,LG3P,eFG%,LGeFG%,FT,LGFT,TS,LGTS,FTr,LGFTr,3PAr,LG3PAr,FG+,2P+,3P+,eFG+,FT+,TS+,FTr+,3PAr+,FG Add,TS Add,PLAYER
2004-05,22.0,TOT,NBA,PG,38.0,483.0,0.363,0.447,0.431,0.47,0.26899999999999996,0.35600000000000004,0.419,0.48200000000000004,0.737,0.7559999999999999,0.446,0.529,0.153,0.324,0.419,0.196,81.0,92.0,76.0,87.0,97.0,84.0,47.0,214.0,-15.6,-22.1,Andre Barrett
2004-05,22.0,HOU,NBA,PG,27.0,314.0,0.29,0.447,0.344,0.47,0.243,0.35600000000000004,0.355,0.48200000000000004,0.7,0.7559999999999999,0.381,0.529,0.145,0.324,0.536,0.196,65.0,73.0,68.0,74.0,93.0,72.0,45.0,273.0,-17.6,-21.7,Andre Barrett
2004-05,22.0,ORL,NBA,PG,11.0,169.0,0.455,0.447,0.5,0.47,0.33299999999999996,0.35600000000000004,0.5,0.48200000000000004,0.778,0.7559999999999999,0.526,0.529,0.16399999999999998,0.324,0.273,0.196,102.0,106.0,94.0,104.0,103.0,99.0,50.0,139.0,1.9,-0.4,Andre Barrett
2005-06,23.0,TOT,NBA,PG,19.0,282.0,0.365,0.45399999999999996,0.4,0.478,0.14300000000000002,0.358,0.375,0.49,0.75,0.745,0.39799999999999996,0.536,0.115,0.33299999999999996,0.135,0.20199999999999999,81.0,84.0,40.0,77.0,101.0,74.0,35.0,67.0,-23.9,-30.1,Andre Barrett
2005-06,23.0,PHO,NBA,PG,2.0,21.0,0.429,0.45399999999999996,0.5,0.478,0.0,0.358,0.429,0.49,1.0,0.745,0.541,0.536,0.429,0.33299999999999996,0.14300000000000002,0.20199999999999999,94.0,105.0,0.0,87.0,134.0,101.0,129.0,71.0,-0.9,0.1,Andre Barrett
2005-06,23.0,TOR,NBA,PG,17.0,261.0,0.361,0.45399999999999996,0.39299999999999996,0.478,0.154,0.358,0.371,0.49,0.667,0.745,0.386,0.536,0.09300000000000001,0.33299999999999996,0.134,0.20199999999999999,80.0,82.0,43.0,76.0,89.0,72.0,28.0,66.0,-23.1,-30.1,Andre Barrett
2006-07,24.0,CHI,NBA,PG,6.0,29.0,0.5,0.45799999999999996,0.5,0.485,0.0,0.358,0.5,0.496,0.0,0.752,0.5,0.541,0.0,0.327,0.0,0.213,109.0,103.0,0.0,101.0,0.0,92.0,0.0,0.0,0.1,-0.7,Andre Barrett
2007-08,25.0,LAC,NBA,PG,4.0,25.0,0.4,0.457,0.5,0.484,0.33299999999999996,0.36200000000000004,0.5,0.49700000000000005,0.5,0.755,0.51,0.54,0.4,0.306,0.6,0.222,87.0,103.0,92.0,101.0,66.0,94.0,131.0,270.0,0.0,-0.4,Andre Barrett
2004-05,23.0,HOU,NBA,PG,1.0,3.0,0.0,0.447,0.0,0.47,0.0,0.35600000000000004,0.0,0.48200000000000004,0.0,0.7559999999999999,0.0,0.529,0.0,0.324,0.0,0.196,0.0,0.0,0.0,0.0,0.0,0.0,0.0,0.0,-1.0,-1.1,Brandin Knight
