SEASON,AGE,TEAM,LEAGUE,POS,G,MP,FG,LGFG,2P,LG2P,3P,LG3P,eFG%,LGeFG%,FT,LGFT,TS,LGTS,FTr,LGFTr,3PAr,LG3PAr,FG+,2P+,3P+,eFG+,FT+,TS+,FTr+,3PAr+,FG Add,TS Add,PLAYER
2007-08,22.0,PHO,NBA,SG,33.0,270.0,0.315,0.457,0.34299999999999997,0.484,0.24,0.36200000000000004,0.348,0.49700000000000005,0.474,0.755,0.364,0.54,0.207,0.306,0.272,0.222,69.0,71.0,66.0,70.0,63.0,67.0,67.0,122.0,-27.5,-35.4,D.J. Strawberry
2007-08,23.0,PHO,NBA,SF,6.0,48.0,0.364,0.457,0.389,0.484,0.25,0.36200000000000004,0.386,0.49700000000000005,0.833,0.755,0.446,0.54,0.273,0.306,0.182,0.222,80.0,80.0,69.0,78.0,110.0,83.0,89.0,82.0,-4.9,-4.6,Alando Tucker
2008-09,24.0,PHO,NBA,SG,30.0,282.0,0.43,0.45899999999999996,0.449,0.485,0.348,0.36700000000000005,0.46299999999999997,0.5,0.7879999999999999,0.7709999999999999,0.509,0.544,0.273,0.306,0.19,0.22399999999999998,94.0,93.0,95.0,93.0,102.0,94.0,89.0,85.0,-9.0,-9.6,Alando Tucker
2009-10,25.0,TOT,NBA,SF,15.0,96.0,0.436,0.461,0.5,0.49200000000000005,0.14300000000000002,0.355,0.449,0.501,0.762,0.759,0.529,0.5429999999999999,0.5379999999999999,0.3,0.179,0.222,94.0,102.0,40.0,90.0,100.0,97.0,179.0,81.0,-4.1,-1.4,Alando Tucker
2009-10,25.0,PHO,NBA,SF,11.0,71.0,0.433,0.461,0.522,0.49200000000000005,0.14300000000000002,0.355,0.45,0.501,0.762,0.759,0.5479999999999999,0.5429999999999999,0.7,0.3,0.233,0.222,94.0,106.0,40.0,90.0,100.0,101.0,233.0,105.0,-3.0,0.4,Alando Tucker
2009-10,25.0,MIN,NBA,SF,4.0,25.0,0.444,0.461,0.444,0.49200000000000005,0.0,0.355,0.444,0.501,0.0,0.759,0.444,0.5429999999999999,0.0,0.3,0.0,0.222,96.0,90.0,0.0,89.0,0.0,82.0,0.0,0.0,-1.0,-1.8,Alando Tucker
