SEASON,AGE,TEAM,LEAGUE,POS,G,MP,FG,LGFG,2P,LG2P,3P,LG3P,eFG%,LGeFG%,FT,LGFT,TS,LGTS,FTr,LGFTr,3PAr,LG3PAr,FG+,2P+,3P+,eFG+,FT+,TS+,FTr+,3PAr+,FG Add,TS Add,PLAYER
2004-05,24.0,MEM,NBA,PG,24.0,219.0,0.467,0.447,0.51,0.47,0.273,0.35600000000000004,0.49200000000000005,0.48200000000000004,0.737,0.7559999999999999,0.534,0.529,0.317,0.324,0.183,0.196,104.0,109.0,77.0,102.0,97.0,101.0,98.0,94.0,1.1,0.6,Antonio Burks
2005-06,25.0,MEM,NBA,PG,57.0,570.0,0.354,0.45399999999999996,0.36200000000000004,0.478,0.16699999999999998,0.358,0.358,0.49,0.435,0.745,0.36700000000000005,0.536,0.16,0.33299999999999996,0.042,0.20199999999999999,78.0,76.0,47.0,73.0,58.0,68.0,48.0,21.0,-38.1,-52.1,Antonio Burks
2004-05,22.0,MEM,NBA,SG,8.0,28.0,0.33299999999999996,0.447,0.33299999999999996,0.47,0.0,0.35600000000000004,0.33299999999999996,0.48200000000000004,0.6,0.7559999999999999,0.42700000000000005,0.529,0.833,0.324,0.0,0.196,74.0,71.0,0.0,69.0,79.0,81.0,257.0,0.0,-1.8,-1.7,Andre Emmett
2011-12,29.0,NJN,NBA,SF,6.0,45.0,0.5710000000000001,0.44799999999999995,0.667,0.47700000000000004,0.0,0.349,0.5710000000000001,0.48700000000000004,0.625,0.752,0.618,0.527,1.143,0.276,0.14300000000000002,0.226,128.0,140.0,0.0,117.0,83.0,117.0,414.0,63.0,1.2,1.9,Andre Emmett
