SEASON,AGE,TEAM,LEAGUE,POS,G,MP,FG,LGFG,2P,LG2P,3P,LG3P,eFG%,LGeFG%,FT,LGFT,TS,LGTS,FTr,LGFTr,3PAr,LG3PAr,FG+,2P+,3P+,eFG+,FT+,TS+,FTr+,3PAr+,FG Add,TS Add,PLAYER
2004-05,23.0,TOT,NBA,PG,16.0,77.0,0.483,0.447,0.474,0.47,0.5,0.35600000000000004,0.569,0.48200000000000004,1.0,0.7559999999999999,0.586,0.529,0.069,0.324,0.345,0.196,108.0,101.0,141.0,118.0,132.0,111.0,21.0,176.0,5.0,3.4,Luis Flores
2004-05,23.0,GSW,NBA,PG,15.0,73.0,0.48100000000000004,0.447,0.5,0.47,0.444,0.35600000000000004,0.556,0.48200000000000004,1.0,0.7559999999999999,0.574,0.529,0.07400000000000001,0.324,0.33299999999999996,0.196,108.0,106.0,125.0,115.0,132.0,108.0,23.0,170.0,4.0,2.5,Luis Flores
2004-05,23.0,DEN,NBA,PG,1.0,4.0,0.5,0.447,0.0,0.47,1.0,0.35600000000000004,0.75,0.48200000000000004,0.0,0.7559999999999999,0.75,0.529,0.0,0.324,0.5,0.196,112.0,0.0,281.0,155.0,0.0,142.0,0.0,255.0,1.1,0.9,Luis Flores
