SEASON,AGE,TEAM,LEAGUE,POS,G,MP,FG,LGFG,2P,LG2P,3P,LG3P,eFG%,LGeFG%,FT,LGFT,TS,LGTS,FTr,LGFTr,3PAr,LG3PAr,FG+,2P+,3P+,eFG+,FT+,TS+,FTr+,3PAr+,FG Add,TS Add,PLAYER
2005-06,24.0,PHO,NBA,PF,3.0,13.0,0.667,0.45399999999999996,0.667,0.478,0.0,0.358,0.667,0.49,0.0,0.745,0.667,0.536,0.0,0.33299999999999996,0.0,0.20199999999999999,147.0,139.0,0.0,136.0,0.0,124.0,0.0,0.0,1.1,0.8,Sharrod Ford
2005-06,22.0,PHO,NBA,SG,10.0,43.0,0.44,0.45399999999999996,0.5,0.478,0.364,0.358,0.52,0.49,1.0,0.745,0.541,0.536,0.08,0.33299999999999996,0.44,0.20199999999999999,97.0,105.0,101.0,106.0,134.0,101.0,24.0,217.0,1.5,0.3,Dijon Thompson
2006-07,23.0,ATL,NBA,SF,6.0,50.0,0.4,0.45799999999999996,0.462,0.485,0.0,0.358,0.4,0.496,0.833,0.752,0.48200000000000004,0.541,0.4,0.327,0.133,0.213,87.0,95.0,0.0,81.0,111.0,89.0,122.0,63.0,-2.9,-2.1,Dijon Thompson
